{
  "best_model": "XGB",
  "models": {
    "SVR_lin": 0.0005128252770625213,
    "SVR_rbf": 0.000955603713371911,
    "XGB": 0.0004131827251388489,
    "RF": 0.0004279995149671171,
    "LSTM": 1000000000.0,
    "GRU": 1000000000.0,
    "BiLSTM": 1000000000.0
  }
}