{
  "best_model": "Ridge",
  "models": {
    "Ridge": 0.0002602193374308439,
    "Lasso": 0.0023543570333288038,
    "SVR_lin": 0.0005446916047080351,
    "SVR_rbf": 0.000982748690255572,
    "XGB": 0.0004430399759838284,
    "RF": 0.00045839846786828773,
    "MLP": 0.23533335437957933,
    "ElasticNet": 0.00042014329532878296,
    "LSTM": 0.13783704344734907,
    "GRU": 0.1010559664215845,
    "BiLSTM": 0.08477313578987948,
    "ARIMAX": 0.001097780152502767
  }
}