{
  "model": "Lasso",
  "best_params": {
    "alpha": 0.001
  },
  "cv_mse": 9.239118403830127e-05,
  "MSE": 0.0006387444272250873,
  "CAGR": 2.671300138133017,
  "Sharpe": 7.508027045039038,
  "PF": 4.227806206797647,
  "MaxDD": -0.060543839577317786,
  "DirAcc": 0.6889804325437693,
  "PredStd": 0.024366477898683937
}