{
  "model": "XGBoost",
  "best_params": {
    "learning_rate": 0.05,
    "max_depth": 2,
    "n_estimators": 200,
    "subsample": 1.0
  },
  "cv_mse": 0.0001067628337728741,
  "MSE": 0.0006916052015083012,
  "CAGR": 2.764232547007852,
  "Sharpe": 7.685777332595375,
  "PF": 4.395171243819547,
  "MaxDD": -0.07180876002383234,
  "DirAcc": 0.694129763130793,
  "PredStd": 0.01580151543021202
}