{
  "model": "SVR_lin",
  "best_params": {
    "C": 0.01
  },
  "cv_mse": 0.00014096212572203894,
  "MSE": 0.002149606557667816,
  "CAGR": 3.4130631743307704,
  "Sharpe": 8.876501983120011,
  "PF": 5.774948819848206,
  "MaxDD": -0.060543839577317946,
  "DirAcc": 0.7188465499485067,
  "PredStd": 0.024911709368028674
}