{
  "model": "Ridge",
  "best_params": {
    "alpha": 100.0
  },
  "cv_mse": 9.365653323198262e-05,
  "MSE": 0.0016251593009433208,
  "CAGR": 3.347987029646796,
  "Sharpe": 8.760444213199476,
  "PF": 5.616862580002634,
  "MaxDD": -0.06054383957731791,
  "DirAcc": 0.7157569515962925,
  "PredStd": 0.023427181688338444
}