{
  "model": "SVR_rbf",
  "best_params": {
    "C": 0.01,
    "gamma": 0.001
  },
  "cv_mse": 8.808069719938827e-05,
  "MSE": 0.0011231322708095673,
  "CAGR": 3.093837377703885,
  "Sharpe": 8.30057276701043,
  "PF": 5.04499577812859,
  "MaxDD": -0.060543839577317946,
  "DirAcc": 0.7147270854788877,
  "PredStd": 0.01617749777377231
}