{
  "model": "MLP",
  "best_params": {
    "alpha": 0.01,
    "hidden_layer_sizes": [
      128,
      64,
      32
    ],
    "learning_rate_init": 0.01
  },
  "cv_mse": 0.0007439769847337066,
  "MSE": 0.0004956159684787792,
  "CAGR": 3.4891167368701597,
  "Sharpe": 9.011342755103037,
  "PF": 5.966378443298707,
  "MaxDD": -0.060543839577317876,
  "DirAcc": 0.7322348094747683,
  "PredStd": 0.021703246861044755
}