{
  "best_model": "XGB",
  "models": {
    "Ridge": 0.00018052513169067064,
    "Lasso": 0.00032913112218436357,
    "SVR_lin": 0.0001544944721635715,
    "SVR_rbf": 0.00019799073002559186,
    "XGB": 0.00013586498299981298,
    "RF": 0.00014068635078356485,
    "MLP": 0.046596103162951666,
    "ElasticNet": 0.00016531175308422933,
    "LightGBM": 0.0001874289462924269,
    "LSTM": 0.0009487777483205026,
    "GRU": 0.001323422489389299,
    "BiLSTM": 0.00031888771536009816,
    "ARIMAX": 0.0003376786269204454
  }
}