{
  "best_model": "Ridge",
  "models": {
    "Ridge": 0.0002546743165220084,
    "Lasso": 0.002302964592480565,
    "SVR_lin": 0.0004645588239807701,
    "SVR_rbf": 0.0009607801151656203,
    "XGB": 0.000417708146984683,
    "RF": 0.0004514320742478923,
    "MLP": 0.37218376014342214,
    "ElasticNet": 0.0004056587805975189,
    "LightGBM": 0.00039582282476361655,
    "LSTM": 0.07401267095257923,
    "GRU": 0.0998554829374227,
    "BiLSTM": 0.15802589281005713,
    "ARIMAX": 0.0008766579107607556
  }
}