{
  "best_model": "Ridge",
  "models": {
    "Ridge": 0.00038138346722777443,
    "Lasso": 0.002334921844059384,
    "SVR_lin": 0.0005128684099528975,
    "SVR_rbf": 0.000955603713371911,
    "XGB": 0.0004131827251388489,
    "RF": 0.0004279995149671171,
    "MLP": 0.37913393740620316,
    "ElasticNet": 0.00039672833908009126,
    "LSTM": 0.12762783962805502,
    "GRU": 0.142818095044076,
    "BiLSTM": 0.11291597084894348,
    "ARIMAX": 0.0009644370818944574
  }
}