{
  "model": "XGBoost",
  "best_params": {
    "learning_rate": 0.05,
    "max_depth": 2,
    "n_estimators": 200,
    "subsample": 0.8,
    "zscore_win": 5,
    "signal_threshold": 0.5
  },
  "cv_mse": 0.00011923160621933361,
  "MSE": 0.0006970074252480243,
  "CAGR": 2.741386212115858,
  "Sharpe": 8.445571080837142,
  "PF": 7.408502849167077,
  "MaxDD": -0.020776115041863934,
  "DirAcc": 0.5787847579814624,
  "PredStd": 0.016013773158192635
}