{
  "model": "RandomForest",
  "best_params": {
    "max_depth": null,
    "min_samples_leaf": 1,
    "min_samples_split": 2,
    "n_estimators": 100,
    "zscore_win": 5
  },
  "cv_mse": 0.00014068635078356485,
  "MSE": 0.0006857166435958656,
  "CAGR": 2.9830896611203856,
  "Sharpe": 8.096523026572104,
  "PF": 4.816116111989435,
  "MaxDD": -0.07180876002383235,
  "DirAcc": 0.7054582904222451,
  "PredStd": 0.018431275297975058
}