{
  "model": "Ridge",
  "best_params": {
    "alpha": 100.0,
    "zscore_win": 5
  },
  "cv_mse": 0.00013709128745528401,
  "MSE": 0.0019706507023699643,
  "CAGR": 3.469110898447969,
  "Sharpe": 8.975953511211562,
  "PF": 5.915302554181043,
  "MaxDD": -0.06054383957731779,
  "DirAcc": 0.7281153450051493,
  "PredStd": 0.022643328235144256
}