{
  "model": "Lasso",
  "best_params": {
    "alpha": 0.001,
    "zscore_win": 5,
    "signal_threshold": 0.75
  },
  "cv_mse": 0.00010914546459680524,
  "MSE": 0.0006611940988970971,
  "CAGR": 2.644220006158561,
  "Sharpe": 8.487774301282533,
  "PF": 10.788846627853923,
  "MaxDD": -0.038309334953139325,
  "DirAcc": 0.5159629248197735,
  "PredStd": 0.024172203704367443
}