{
  "model": "Lasso",
  "best_params": {
    "alpha": 0.001
  },
  "cv_mse": 0.00010914546459680524,
  "MSE": 0.0006611940988970971,
  "CAGR": 2.0323547498765167,
  "Sharpe": 6.2175504721669235,
  "PF": 3.225253945815384,
  "MaxDD": -0.07012050276330056,
  "DirAcc": 0.6683831101956745,
  "PredStd": 0.024172203704367443
}