{
  "model": "Lasso",
  "best_params": {
    "alpha": 1e-05,
    "zscore_win": 5,
    "signal_threshold": 0.3
  },
  "cv_mse": 0.0001932695565959101,
  "MSE": 0.0023688083870384456,
  "CAGR": 3.5282405153178136,
  "Sharpe": 9.576804275520294,
  "PF": 8.876816699486486,
  "MaxDD": -0.03830933495313922,
  "DirAcc": 0.7726161369193154,
  "Coverage": 0.8424304840370752,
  "PredStd": 0.024223187075238645
}