{
  "model": "BiLSTM",
  "best_params": {
    "timesteps": 15,
    "units": 16,
    "dropout": 0.5,
    "recurrent_dropout": 0.0,
    "zscore_win": 15,
    "signal_threshold": 0.3
  },
  "cv_mse": 0.34973570329193904,
  "MSE": 0.028876183295257426,
  "CAGR": 0.501662915446315,
  "Sharpe": 1.3323221208849645,
  "PF": 1.324536850361253,
  "MaxDD": -0.1308476073860249,
  "DirAcc": 0.6090909090909091,
  "Coverage": 0.8029197080291971,
  "PredStd": 0.07750864326953888
}