{
  "model": "SVR_rbf",
  "best_params": {
    "C": 10,
    "gamma": 0.0001,
    "zscore_win": 5,
    "signal_threshold": 0.75
  },
  "cv_mse": 0.0003519808833465293,
  "MSE": 0.0007918468271415211,
  "CAGR": 10.674181102039155,
  "Sharpe": 9.804351933004588,
  "PF": 22.093670334701457,
  "MaxDD": -0.0196224907169509,
  "DirAcc": 0.8877551020408163,
  "Coverage": 0.6447368421052632,
  "PredStd": 0.029814268425304945
}