{
  "model": "MLP",
  "best_params": {
    "alpha": 0.01,
    "hidden_layer_sizes": [
      128,
      64,
      32
    ],
    "learning_rate_init": 0.01,
    "zscore_win": 5
  },
  "cv_mse": 0.0038624325149678716,
  "MSE": 0.0007214865280040099,
  "CAGR": 1.83702107661599,
  "Sharpe": 5.792851220929341,
  "PF": 2.960746571676649,
  "MaxDD": -0.21168903118122734,
  "DirAcc": 0.6694129763130793,
  "PredStd": 0.015764044060667178
}