{
  "model": "GRU",
  "best_params": {
    "timesteps": 15,
    "units": 64,
    "dropout": 0.4,
    "recurrent_dropout": 0.0
  },
  "cv_mse": 0.0004915444369967437,
  "MSE": 0.0008313199586565508,
  "CAGR": -0.013770732143287279,
  "Sharpe": -0.07201993346257987,
  "PF": 0.9869992982413245,
  "MaxDD": -0.32952613765685224,
  "DirAcc": 0.48640167364016734,
  "PredStd": 0.014192634262144566
}