{
  "model": "ElasticNet",
  "best_params": {
    "alpha": 0.0001,
    "l1_ratio": 0.1,
    "zscore_win": 5,
    "signal_threshold": 0.3
  },
  "cv_mse": 0.00019113168742206565,
  "MSE": 0.0023868763129608127,
  "CAGR": 3.539508416850179,
  "Sharpe": 9.600747707917565,
  "PF": 8.993383475140808,
  "MaxDD": -0.038309334953139235,
  "DirAcc": 0.7745098039215687,
  "Coverage": 0.8403707518022657,
  "PredStd": 0.024180009589641796
}