{
  "model": "BiLSTM",
  "best_params": {
    "timesteps": 10,
    "units": 16,
    "dropout": 0.3,
    "recurrent_dropout": 0.2
  },
  "cv_mse": 0.0018654410461802716,
  "MSE": 0.0007627038339200913,
  "CAGR": 0.1060844992442227,
  "Sharpe": 0.5251425403337108,
  "PF": 1.1001953222496688,
  "MaxDD": -0.19105743708197853,
  "DirAcc": 0.5046826222684704,
  "PredStd": 0.010735644027590752
}