{
  "model": "RandomForest",
  "best_params": {
    "max_depth": null,
    "min_samples_leaf": 1,
    "min_samples_split": 2,
    "n_estimators": 100,
    "zscore_win": 5,
    "signal_threshold": 0.5
  },
  "cv_mse": 0.0004514320742478922,
  "MSE": 0.0022222913303292244,
  "CAGR": 7.29468987504182,
  "Sharpe": 7.895936081546562,
  "PF": 6.704918434355571,
  "MaxDD": -0.08506338003007352,
  "DirAcc": 0.8198198198198198,
  "Coverage": 0.7302631578947368,
  "PredStd": 0.015325931172124024
}