{
  "model": "LightGBM",
  "best_params": {
    "learning_rate": 0.1,
    "n_estimators": 500,
    "num_leaves": 15,
    "subsample": 0.8,
    "zscore_win": 5,
    "signal_threshold": 0.3
  },
  "cv_mse": 0.00019454519680007273,
  "MSE": 0.00144946830273177,
  "CAGR": 3.560803728331816,
  "Sharpe": 9.572533610400532,
  "PF": 8.76618611030648,
  "MaxDD": -0.03830933495313923,
  "DirAcc": 0.7725631768953068,
  "Coverage": 0.8558187435633368,
  "PredStd": 0.021778049150321936
}