{
  "model": "SVR_rbf",
  "best_params": {
    "C": 0.01,
    "gamma": 0.001,
    "signal_threshold": 0.5
  },
  "cv_mse": 0.00010347713609451761,
  "MSE": 0.0012404602444362042,
  "CAGR": 2.431095557265701,
  "Sharpe": 7.743781668213373,
  "PF": 6.255325049268452,
  "MaxDD": -0.0605438395773179,
  "DirAcc": 0.5715756951596292,
  "PredStd": 0.015851030793081474
}