{
  "model": "Ridge",
  "best_params": {
    "alpha": 0.1,
    "zscore_win": 5,
    "signal_threshold": 0.3
  },
  "cv_mse": 0.0002663039063762184,
  "MSE": 0.0007891860373994582,
  "CAGR": 12.3953891744499,
  "Sharpe": 9.853892400165343,
  "PF": 8.994322795786866,
  "MaxDD": -0.03830933495313928,
  "DirAcc": 0.8161764705882353,
  "Coverage": 0.8947368421052632,
  "PredStd": 0.034417366108155434
}