{
  "model": "SVR_lin",
  "best_params": {
    "C": 1000,
    "zscore_win": 5,
    "signal_threshold": 0.3
  },
  "cv_mse": 0.00017958970416457107,
  "MSE": 0.002608199783551462,
  "CAGR": 3.5608236545322747,
  "Sharpe": 9.633996711455225,
  "PF": 9.019276213148897,
  "MaxDD": -0.03830933495313939,
  "DirAcc": 0.6580844490216272,
  "PredStd": 0.022985016665992616
}