{
  "model": "RandomForest",
  "best_params": {
    "max_depth": null,
    "min_samples_leaf": 1,
    "min_samples_split": 2,
    "n_estimators": 100,
    "signal_threshold": 0.75
  },
  "cv_mse": 0.00014068635078356485,
  "MSE": 0.0006857166435958656,
  "CAGR": 1.8375974313410746,
  "Sharpe": 6.867633982573113,
  "PF": 6.114493933024991,
  "MaxDD": -0.060543839577317814,
  "DirAcc": 0.4881565396498455,
  "PredStd": 0.018431275297975058
}