{
  "model": "ElasticNet",
  "best_params": {
    "alpha": 0.0001,
    "l1_ratio": 0.1,
    "zscore_win": 5,
    "signal_threshold": 0.3
  },
  "cv_mse": 0.0002503242471522924,
  "MSE": 0.0007116892214095406,
  "CAGR": 12.174354606604767,
  "Sharpe": 9.778408912761071,
  "PF": 8.943063559128587,
  "MaxDD": -0.03830933495313926,
  "DirAcc": 0.8148148148148148,
  "Coverage": 0.8881578947368421,
  "PredStd": 0.033950997821486514
}