{
  "model": "XGBoost",
  "best_params": {
    "learning_rate": 0.05,
    "max_depth": 2,
    "n_estimators": 200,
    "subsample": 0.8,
    "signal_threshold": 0.75
  },
  "cv_mse": 0.00011923160621933361,
  "MSE": 0.0006970074252480243,
  "CAGR": 1.9725427132655509,
  "Sharpe": 7.035221999513483,
  "PF": 6.309595343694291,
  "MaxDD": -0.0605438395773178,
  "DirAcc": 0.49433573635427397,
  "PredStd": 0.016013773158192635
}