{
  "model": "MLP",
  "best_params": {
    "alpha": 0.001,
    "hidden_layer_sizes": [
      128,
      64
    ],
    "learning_rate_init": 0.01,
    "zscore_win": 5,
    "signal_threshold": 0.2
  },
  "cv_mse": 0.10196369347143641,
  "MSE": 0.22748905486030155,
  "CAGR": 1.7029871409419504,
  "Sharpe": 3.371459396760943,
  "PF": 1.8987447977571084,
  "MaxDD": -0.11366200569716481,
  "DirAcc": 0.6214285714285714,
  "Coverage": 0.9210526315789473,
  "PredStd": 0.3209823728590166
}