{
  "model": "MLP",
  "best_params": {
    "alpha": 0.01,
    "hidden_layer_sizes": [
      128,
      64,
      32
    ],
    "learning_rate_init": 0.01,
    "zscore_win": 5,
    "signal_threshold": 0.5
  },
  "cv_mse": 0.0038624325149678716,
  "MSE": 0.0007214865280040099,
  "CAGR": 1.4822144095787801,
  "Sharpe": 5.637757820413122,
  "PF": 3.74999132860874,
  "MaxDD": -0.21431643116722046,
  "DirAcc": 0.5025746652935118,
  "PredStd": 0.015764044060667178
}