{
  "model": "RandomForest",
  "best_params": {
    "max_depth": null,
    "min_samples_leaf": 1,
    "min_samples_split": 2,
    "n_estimators": 300,
    "zscore_win": 5,
    "signal_threshold": 0.5
  },
  "cv_mse": 0.00014193359577756003,
  "MSE": 0.0006767207616749149,
  "CAGR": 2.822132472878374,
  "Sharpe": 8.586209074170423,
  "PF": 7.849141523014133,
  "MaxDD": -0.038309334953139165,
  "DirAcc": 0.7579787234042553,
  "Coverage": 0.7744593202883625,
  "PredStd": 0.01829992445631826
}