{
  "model": "Ridge",
  "best_params": {
    "alpha": 100.0,
    "signal_threshold": 0.75
  },
  "cv_mse": 0.00013709128745528401,
  "MSE": 0.0019706507023699643,
  "CAGR": 2.3598822378695137,
  "Sharpe": 8.213167093415812,
  "PF": 11.257270339046942,
  "MaxDD": -0.027533908248617536,
  "DirAcc": 0.4881565396498455,
  "PredStd": 0.022643328235144256
}