{
  "model": "ElasticNet",
  "best_params": {
    "alpha": 0.01,
    "l1_ratio": 0.1,
    "selector__k": 30
  },
  "cv_mse": 0.00010455419635055095,
  "MSE": 0.0006538869201666904,
  "CAGR": 2.00963375246147,
  "Sharpe": 6.169005899636757,
  "PF": 3.193619973203456,
  "MaxDD": -0.07012050276330058,
  "DirAcc": 0.666323377960865,
  "PredStd": 0.023672409221806242
}