{
  "model": "SVR_rbf",
  "best_params": {
    "C": 1,
    "gamma": 0.01,
    "zscore_win": 5,
    "signal_threshold": 0.2
  },
  "cv_mse": 0.00020880614494976185,
  "MSE": 0.002302197798009423,
  "CAGR": 3.31753696785037,
  "Sharpe": 9.035650998171471,
  "PF": 7.082264863251364,
  "MaxDD": -0.10032927206160237,
  "DirAcc": 0.785377358490566,
  "Coverage": 0.8733264675592173,
  "PredStd": 0.013214870610829314
}