{
  "model": "MLP",
  "best_params": {
    "alpha": 0.01,
    "hidden_layer_sizes": [
      128,
      64,
      32
    ],
    "learning_rate_init": 0.01
  },
  "cv_mse": 0.0038624325149678716,
  "MSE": 0.0007214865280040099,
  "CAGR": 1.416652023696562,
  "Sharpe": 4.811810246421513,
  "PF": 2.441800584262068,
  "MaxDD": -0.2054274158215368,
  "DirAcc": 0.6529351184346035,
  "PredStd": 0.015764044060667178
}