{
  "model": "Ridge",
  "best_params": {
    "alpha": 100.0,
    "zscore_win": 5,
    "signal_threshold": 0.3
  },
  "cv_mse": 0.00013709128745528401,
  "MSE": 0.0019706507023699643,
  "CAGR": 3.3494706445759066,
  "Sharpe": 9.258023970056753,
  "PF": 8.114459757882468,
  "MaxDD": -0.03830933495313929,
  "DirAcc": 0.6416065911431514,
  "PredStd": 0.022643328235144256
}