{
  "model": "SVR_rbf",
  "best_params": {
    "C": 0.01,
    "gamma": 0.001,
    "zscore_win": 5
  },
  "cv_mse": 0.00010347713609451761,
  "MSE": 0.0012404602444362042,
  "CAGR": 3.2752003469577726,
  "Sharpe": 8.629852927956613,
  "PF": 5.445941666511698,
  "MaxDD": -0.06054383957731786,
  "DirAcc": 0.7260556127703398,
  "PredStd": 0.015851030793081474
}