{
  "model": "SVR_lin",
  "best_params": {
    "C": 100,
    "signal_threshold": 0.5
  },
  "cv_mse": 0.00019753382406014204,
  "MSE": 0.002602339195016921,
  "CAGR": 2.566664187708205,
  "Sharpe": 8.073012827864638,
  "PF": 7.418763221013544,
  "MaxDD": -0.0605438395773178,
  "DirAcc": 0.5612770339855818,
  "PredStd": 0.024183600544494453
}