{
  "model": "XGBoost",
  "best_params": {
    "learning_rate": 0.05,
    "max_depth": 4,
    "n_estimators": 300,
    "subsample": 0.8,
    "zscore_win": 5,
    "signal_threshold": 0.5
  },
  "cv_mse": 0.00042292174315013777,
  "MSE": 0.0023135523773611345,
  "CAGR": 12.602381970937367,
  "Sharpe": 10.76505474262475,
  "PF": 21.346323838632674,
  "MaxDD": -0.01957383605884193,
  "DirAcc": 0.8434782608695652,
  "Coverage": 0.756578947368421,
  "PredStd": 0.01908237673342228
}