{
  "model": "SVR_lin",
  "best_params": {
    "C": 100,
    "selector__k": 30
  },
  "cv_mse": 0.00016651147469072474,
  "MSE": 0.001445590697611547,
  "CAGR": 2.6907058548280114,
  "Sharpe": 7.545320181506898,
  "PF": 4.262232186944677,
  "MaxDD": -0.06054383957731794,
  "DirAcc": 0.7075180226570545,
  "PredStd": 0.02485631022936146
}