{
  "model": "SVR_rbf",
  "best_params": {
    "C": 0.01,
    "gamma": 0.001,
    "zscore_win": 5,
    "signal_threshold": 0.5
  },
  "cv_mse": 0.00010347713609451761,
  "MSE": 0.0012404602444362042,
  "CAGR": 2.957709177782398,
  "Sharpe": 8.92491577182637,
  "PF": 9.29809567708866,
  "MaxDD": -0.038309334953139235,
  "DirAcc": 0.5756951596292482,
  "PredStd": 0.015851030793081474
}