{
  "model": "SVR_rbf",
  "best_params": {
    "C": 0.01,
    "gamma": 0.001,
    "selector__k": 57
  },
  "cv_mse": 0.00010347713609451761,
  "MSE": 0.0012404602444362042,
  "CAGR": 2.300697240537371,
  "Sharpe": 6.775795620813848,
  "PF": 3.6179937895805483,
  "MaxDD": -0.07012050276330065,
  "DirAcc": 0.6910401647785788,
  "PredStd": 0.015851030793081474
}