{
  "model": "MLP",
  "best_params": {
    "alpha": 0.01,
    "hidden_layer_sizes": [
      128,
      64,
      32
    ],
    "learning_rate_init": 0.01,
    "signal_threshold": 0.2
  },
  "cv_mse": 0.0038624325149678716,
  "MSE": 0.0007214865280040099,
  "CAGR": 1.4027538600868699,
  "Sharpe": 5.485785352411207,
  "PF": 2.8893702670559165,
  "MaxDD": -0.18092698476365038,
  "DirAcc": 0.583934088568486,
  "PredStd": 0.015764044060667178
}