{
  "model": "GRU",
  "best_params": {
    "timesteps": 5,
    "units": 64,
    "dropout": 0.4,
    "recurrent_dropout": 0.2,
    "zscore_win": 15,
    "signal_threshold": 0.2
  },
  "cv_mse": 0.2926828041910318,
  "MSE": 0.021450451156618887,
  "CAGR": -0.19052638821685897,
  "Sharpe": -0.6568824264286899,
  "PF": 0.8808577923126982,
  "MaxDD": -0.20198911073236814,
  "DirAcc": 0.5037593984962406,
  "Coverage": 0.9047619047619048,
  "PredStd": 0.14394843578338623
}