{
  "model": "Lasso",
  "best_params": {
    "alpha": 1e-05,
    "zscore_win": 5,
    "signal_threshold": 0.3
  },
  "cv_mse": 0.0002509341596552925,
  "MSE": 0.000714930983095341,
  "CAGR": 12.174354606604767,
  "Sharpe": 9.778408912761071,
  "PF": 8.943063559128587,
  "MaxDD": -0.03830933495313926,
  "DirAcc": 0.8148148148148148,
  "Coverage": 0.8881578947368421,
  "PredStd": 0.03399132077634315
}