{
  "model": "ElasticNet",
  "best_params": {
    "alpha": 0.01,
    "l1_ratio": 0.1,
    "zscore_win": 5,
    "signal_threshold": 0.75
  },
  "cv_mse": 0.00010889122303159443,
  "MSE": 0.0006538982466573224,
  "CAGR": 2.666311058597328,
  "Sharpe": 8.554553318435783,
  "PF": 11.162438403467291,
  "MaxDD": -0.0383093349531392,
  "DirAcc": 0.518022657054583,
  "PredStd": 0.023672186469253655
}