{
  "model": "LSTM",
  "best_params": {
    "timesteps": 5,
    "units": 64,
    "dropout": 0.5,
    "recurrent_dropout": 0.2,
    "zscore_win": 15,
    "signal_threshold": 0.0
  },
  "cv_mse": 0.6173037101190978,
  "MSE": 0.00450034169979302,
  "CAGR": 0.17868926591646406,
  "Sharpe": 0.500995775386371,
  "PF": 1.0962221227989821,
  "MaxDD": -0.14960711114378702,
  "DirAcc": 0.5342465753424658,
  "Coverage": 0.9931972789115646,
  "PredStd": 0.058670319616794586
}