{
  "model": "SVR_lin",
  "best_params": {
    "C": 10
  },
  "cv_mse": 0.00018849147805020283,
  "MSE": 0.002643494748717562,
  "CAGR": 3.01422620345328,
  "Sharpe": 8.154133991679485,
  "PF": 4.87932102999481,
  "MaxDD": -0.06054383957731786,
  "DirAcc": 0.7270854788877446,
  "PredStd": 0.02438750300085007
}