{
  "model": "XGBoost",
  "best_params": {
    "learning_rate": 0.05,
    "max_depth": 2,
    "n_estimators": 200,
    "subsample": 0.8,
    "zscore_win": 5
  },
  "cv_mse": 0.00011923160621933361,
  "MSE": 0.0006970074252480243,
  "CAGR": 2.8923892277844736,
  "Sharpe": 7.9275673281204755,
  "PF": 4.636855904405191,
  "MaxDD": -0.07180876002383235,
  "DirAcc": 0.698249227600412,
  "PredStd": 0.016013773158192635
}