{
  "model": "SVR_lin",
  "best_params": {
    "C": 100,
    "zscore_win": 5
  },
  "cv_mse": 0.0001895018035575689,
  "MSE": 0.0025172364407706604,
  "CAGR": 3.529787485612573,
  "Sharpe": 9.083114916311908,
  "PF": 6.071849602059289,
  "MaxDD": -0.06054383957731791,
  "DirAcc": 0.7270854788877446,
  "PredStd": 0.023957444642072948
}