{
  "model": "Lasso",
  "best_params": {
    "alpha": 0.001,
    "zscore_win": 5
  },
  "cv_mse": 0.00010914546459680524,
  "MSE": 0.0006611940988970971,
  "CAGR": 2.662860277600873,
  "Sharpe": 7.491777926070305,
  "PF": 4.212917817486946,
  "MaxDD": -0.060543839577317834,
  "DirAcc": 0.6920700308959835,
  "PredStd": 0.024172203704367443
}