{
  "model": "SVR_lin",
  "best_params": {
    "C": 1000,
    "zscore_win": 5,
    "signal_threshold": 0.3
  },
  "cv_mse": 0.00020349481593169206,
  "MSE": 0.0023260485437619134,
  "CAGR": 3.3856664697133025,
  "Sharpe": 9.359498235015703,
  "PF": 8.481385049363997,
  "MaxDD": -0.038309334953139276,
  "DirAcc": 0.7659313725490197,
  "Coverage": 0.8403707518022657,
  "PredStd": 0.02402221463878073
}