{
  "model": "Ridge",
  "best_params": {
    "alpha": 100.0
  },
  "cv_mse": 0.00013709128745528401,
  "MSE": 0.0019706507023699643,
  "CAGR": 2.7926546680576867,
  "Sharpe": 7.73972438656092,
  "PF": 4.447651072664023,
  "MaxDD": -0.06054383957731791,
  "DirAcc": 0.7147270854788877,
  "PredStd": 0.022643328235144256
}