{
  "model": "LightGBM",
  "best_params": {
    "learning_rate": 0.05,
    "n_estimators": 100,
    "num_leaves": 7,
    "subsample": 0.8,
    "zscore_win": 5,
    "signal_threshold": 0.5
  },
  "cv_mse": 0.00042795921788199896,
  "MSE": 0.0021776938960766296,
  "CAGR": 8.2574539351999,
  "Sharpe": 8.485733638762627,
  "PF": 8.298247590793205,
  "MaxDD": -0.07012050276330066,
  "DirAcc": 0.8230088495575221,
  "Coverage": 0.743421052631579,
  "PredStd": 0.01446884475877599
}