{
  "model": "LightGBM",
  "best_params": {
    "learning_rate": 0.01,
    "n_estimators": 300,
    "num_leaves": 15,
    "subsample": 0.8,
    "selector__k": 57
  },
  "cv_mse": 0.00014121400374843138,
  "MSE": 0.0007160001501358408,
  "CAGR": 2.149365464851902,
  "Sharpe": 6.464268642163411,
  "PF": 3.3920359415507226,
  "MaxDD": -0.06054383957731791,
  "DirAcc": 0.670442842430484,
  "PredStd": 0.017616329920840786
}