{
  "model": "MLP",
  "best_params": {
    "alpha": 0.1,
    "hidden_layer_sizes": [
      128,
      64,
      32
    ],
    "learning_rate_init": 0.01,
    "selector__k": 30
  },
  "cv_mse": 0.000112835397244664,
  "MSE": 0.0007372216482677573,
  "CAGR": 2.1731129290610802,
  "Sharpe": 6.513697788088793,
  "PF": 3.4267048914551053,
  "MaxDD": -0.06054383957731783,
  "DirAcc": 0.6776519052523172,
  "PredStd": 0.014424415802410119
}