{
  "model": "Ridge",
  "best_params": {
    "alpha": 100.0,
    "selector__k": 30
  },
  "cv_mse": 0.00013633831846341605,
  "MSE": 0.0013113492203257083,
  "CAGR": 2.5756123978450876,
  "Sharpe": 7.322714895587653,
  "PF": 4.061914340697326,
  "MaxDD": -0.06054383957731788,
  "DirAcc": 0.698249227600412,
  "PredStd": 0.02284393224977826
}