{
  "model": "SVR_lin",
  "best_params": {
    "C": 0.1,
    "zscore_win": 5,
    "signal_threshold": 0.3
  },
  "cv_mse": 0.00019915119327289943,
  "MSE": 0.0025746522464316097,
  "CAGR": 3.5812255289004344,
  "Sharpe": 9.683679969522702,
  "PF": 9.20593730086027,
  "MaxDD": -0.038309334953139214,
  "DirAcc": 0.7773722627737226,
  "Coverage": 0.8465499485066942,
  "PredStd": 0.0236655121506465
}