{
  "model": "SVR_rbf",
  "best_params": {
    "C": 0.1,
    "gamma": 0.0001,
    "zscore_win": 5,
    "signal_threshold": 0.5
  },
  "cv_mse": 0.00010085326352084359,
  "MSE": 0.0012419922457697396,
  "CAGR": 3.0091307141812926,
  "Sharpe": 8.972838222791294,
  "PF": 9.625840879244596,
  "MaxDD": -0.03830933495313937,
  "DirAcc": 0.7832167832167832,
  "Coverage": 0.7363542739443872,
  "PredStd": 0.01827397413365558
}