{
  "model": "XGBoost",
  "best_params": {
    "learning_rate": 0.1,
    "max_depth": 4,
    "n_estimators": 300,
    "subsample": 0.8,
    "zscore_win": 5,
    "signal_threshold": 0.2
  },
  "cv_mse": 0.00018519804436582395,
  "MSE": 0.0015828279339428707,
  "CAGR": 3.444067126609,
  "Sharpe": 9.42105745520125,
  "PF": 7.647703076710145,
  "MaxDD": -0.031611510479410014,
  "DirAcc": 0.7488425925925926,
  "Coverage": 0.8898043254376931,
  "PredStd": 0.021572917699813843
}