{
  "model": "XGBoost",
  "best_params": {
    "learning_rate": 0.05,
    "max_depth": 2,
    "n_estimators": 200,
    "subsample": 0.8
  },
  "cv_mse": 0.00011923160621933361,
  "MSE": 0.0006970074252480243,
  "CAGR": 2.1617239799722476,
  "Sharpe": 6.49001841930496,
  "PF": 3.410042614882712,
  "MaxDD": -0.060543839577317834,
  "DirAcc": 0.6673532440782698,
  "PredStd": 0.016013773158192635
}