{
  "model": "Ridge",
  "best_params": {
    "alpha": 1000.0,
    "zscore_win": 5,
    "signal_threshold": 0.5
  },
  "cv_mse": 0.0001016144023120165,
  "MSE": 0.0010210396847426131,
  "CAGR": 2.8265707691873008,
  "Sharpe": 8.586438419475842,
  "PF": 8.12943735576831,
  "MaxDD": -0.03830933495313921,
  "DirAcc": 0.7661623108665749,
  "Coverage": 0.748712667353244,
  "PredStd": 0.01861577551505283
}