{
  "model": "SVR_lin",
  "best_params": {
    "C": 10000,
    "zscore_win": 5,
    "signal_threshold": 0.5
  },
  "cv_mse": 0.0004657382861019995,
  "MSE": 0.0008875096880232514,
  "CAGR": 10.896209642469167,
  "Sharpe": 9.425574620007549,
  "PF": 9.92744550059053,
  "MaxDD": -0.038309334953139144,
  "DirAcc": 0.8278688524590164,
  "Coverage": 0.8026315789473685,
  "PredStd": 0.03642607672869385
}