{
  "model": "Ridge",
  "best_params": {
    "alpha": 1.0,
    "zscore_win": 5,
    "signal_threshold": 0.3
  },
  "cv_mse": 0.0001805251316906706,
  "MSE": 0.002504508379206936,
  "CAGR": 3.554788928543994,
  "Sharpe": 9.634789965210064,
  "PF": 9.123979819692524,
  "MaxDD": -0.038309334953139276,
  "DirAcc": 0.7750611246943765,
  "Coverage": 0.8424304840370752,
  "PredStd": 0.02410786322745419
}