{
  "model": "Lasso",
  "best_params": {
    "alpha": 0.001,
    "signal_threshold": 0.75
  },
  "cv_mse": 0.00010914546459680524,
  "MSE": 0.0006611940988970971,
  "CAGR": 1.8560999817952144,
  "Sharpe": 6.882764242462895,
  "PF": 6.213109270967003,
  "MaxDD": -0.06054383957731791,
  "DirAcc": 0.48300720906282185,
  "PredStd": 0.024172203704367443
}