{
  "model": "MLP",
  "best_params": {
    "alpha": 0.01,
    "hidden_layer_sizes": [
      256,
      128,
      64
    ],
    "learning_rate_init": 0.01,
    "zscore_win": 5,
    "signal_threshold": 0.5
  },
  "cv_mse": 0.00016798472927172865,
  "MSE": 0.0012563256603412216,
  "CAGR": 3.0034240429215595,
  "Sharpe": 9.105830359019462,
  "PF": 9.915775024548653,
  "MaxDD": -0.03145499832096939,
  "DirAcc": 0.780250347705146,
  "Coverage": 0.7404737384140062,
  "PredStd": 0.01611717739570154
}