{
  "model": "LSTM",
  "best_params": {
    "timesteps": 7,
    "units": 32,
    "dropout": 0.5,
    "recurrent_dropout": 0.2
  },
  "cv_mse": 0.00020004471187563526,
  "MSE": 0.0008490259365977675,
  "CAGR": 0.027094836535531464,
  "Sharpe": 0.1390535153606037,
  "PF": 1.0255789422980173,
  "MaxDD": -0.2586107503874781,
  "DirAcc": 0.5062240663900415,
  "PredStd": 0.012131637893617153
}