{
  "model": "RandomForest",
  "best_params": {
    "max_depth": null,
    "min_samples_leaf": 1,
    "min_samples_split": 2,
    "n_estimators": 100
  },
  "cv_mse": 0.00014068635078356485,
  "MSE": 0.0006857166435958656,
  "CAGR": 2.068647854613334,
  "Sharpe": 6.294653561218471,
  "PF": 3.2762820571808087,
  "MaxDD": -0.060543839577317994,
  "DirAcc": 0.6694129763130793,
  "PredStd": 0.018431275297975058
}