{
  "model": "RandomForest",
  "best_params": {
    "max_depth": null,
    "min_samples_leaf": 1,
    "min_samples_split": 2,
    "n_estimators": 100,
    "zscore_win": 5,
    "signal_threshold": 0.5
  },
  "cv_mse": 0.00014068635078356485,
  "MSE": 0.0006857166435958656,
  "CAGR": 2.6835229075329345,
  "Sharpe": 8.14488110122071,
  "PF": 6.942388742567114,
  "MaxDD": -0.05734449173326358,
  "DirAcc": 0.583934088568486,
  "PredStd": 0.018431275297975058
}