{
  "best_model": "XGB",
  "models": {
    "SVR_lin": 0.0005586913817795515,
    "SVR_rbf": 0.000982748690255572,
    "XGB": 0.0004430399759838284,
    "RF": 0.00045839846786828773,
    "LSTM": 1000000000.0,
    "GRU": 1000000000.0,
    "BiLSTM": 1000000000.0
  }
}